asin,product_title,model,seller_name,price,mrp,is_buy_box_winner,fba_status,availability,pincode,scraped_at
B07179BP9M,HRB,6206,Narang Machinery,151.0,189,True,FBM,In stock,600001,2026-04-01T12:49:07.854026
B0BCZ741XX,"ZUBSHA ENTERPRISES 10 Pcs 6200ZZ Double Metal Seal Bearings 10x30x9mm, Pre-Lubricated and Stable Performance and Cost Effective, Deep Groove Ball Bearings.",6206,ZUBSHA ENTERPRISES,399.0,599,True,FBM,In stock,600001,2026-04-01T12:49:10.024836
B0BCWWMPFS,"ZUBSHA ENTERPRISES 6006-ZZ 2 Pcs Double Metal Seal Bearings 30x55x13mm, Pre-Lubricated and Stable Performance and Cost Effective, Deep Groove Ball Bearings.",6206,ZUBSHA ENTERPRISES,299.0,550,True,FBM,In stock,600001,2026-04-01T12:49:13.228792
B071J8PL72,HRB,6206,Narang Machinery,125.0,170,True,FBM,In stock,600001,2026-04-01T12:49:39.693082
B0BQR5J76Q,VSJ,6205,VSJ bearing,649.0,324.50,True,FBM,In stock,600001,2026-04-01T12:49:42.714104
B0GCX8FMFT,"Heavy Duty Single Row Deep Groove Ball Bearing 6201-2RS | Sealed Bearing | Inner Dia 12 mm, Outer Dia 32 mm, Width 10 mm | High Speed, Low Noise | Industrial & Motor Use (1)",6205,S.T SOLUTIONS,179.0,17.90,True,FBM,In stock,600001,2026-04-01T12:49:45.760040
B0FDG2VKZ1,BEARINGS 6301 2RS 7 BALL BEARING USED WHEEL OF BIKE PACK OF 2 PC AUTOMOTIVE BEARING,6205,JAINCO BEARING HOUSE,209.0,349,True,FBM,In stock,600001,2026-04-01T12:49:48.388039
B071FNSRNC,HRB,6205,Narang Machinery,52.0,73,True,FBM,In stock,600001,2026-04-01T12:49:51.270172
B09DQ138QV,SUPER - 5PCS 6301 2RS (RUBBER SEALED) BALL BEARINGS||6301 2RS ||,6205,SUPER BEARING,600.0,1200,True,FBM,In stock,600001,2026-04-01T12:50:15.056276
B0DFC4LNS7,HASTHIP,6205,MiraHome,603.0,301.50,True,FBM,In stock,600001,2026-04-01T12:50:17.844523
B08DHQ24NT,6309 2RS Ball Bearing India,6205,SUPER BEARING,598.0,1196,True,FBM,In stock,600001,2026-04-01T12:50:24.175752
B0GTF67VPL,"6216 ZZ Double Shielded Deep Groove Ball Bearing (80x140x26) – Pre Lubricated High Speed Motor Bearing, Dust Protected Stable, Cost-Effective Pack of 1",6205,S J ENTERPRISES Mart,749.0,1498,True,FBM,In stock,600001,2026-04-01T12:50:33.823293
B0FDB3X6SD,"Ball Bearings 6201 2RS and 6202 2RS, 5 Pieces Each, (10pc) Double Rubber Sealed",6205,Krishna Fan Parts,498.0,49.80,True,FBM,In stock,600001,2026-04-01T12:50:49.131860
B0BQJK1RJH,VSJ,6205,VSJ bearing,375.0,37.50,True,FBM,In stock,600001,2026-04-01T12:50:50.551022
B0BDVQ6ZKB,ZUBSHA ENTERPRISES 6207-2RS (1PCS) Bearing 35x72x17 Sealed Ball Bearings,6205,ZUBSHA ENTERPRISES,349.0,700,True,FBM,In stock,600001,2026-04-01T12:50:57.444283
B0FWK3SMC5,625-2RS Deep Groove Ball Bearing 5x16x5mm Double Sealed ABEC-3 Bearings (pack of 8 pcs),6205,Welcome Tailoring  Material Store,369.0,184.50,True,FBM,In stock,600001,2026-04-01T12:51:04.974257
B0GLP6JNTG,"6301 Bearing | 12x37x12 mm | Double Sealed Steel Bearing for Bikes, Cycle - Pack of 5",6205,R.H.A INTERNATIONAL,400.0,699,True,FBM,In stock,600001,2026-04-01T12:51:07.284236
B071W6TYS9,HRB,6205,Narang Machinery,138.0,174,True,FBM,In stock,600001,2026-04-01T12:51:22.397668
B07FXLQSLG,PILLOW BALL BEARING UCFL207,6205,Narang Machinery,320.0,700,True,FBM,,600001,2026-04-01T12:51:33.234930
B0BHLK939N,ZUBSHA ENTERPRISES 606-2RS(5PCS) Double Rubber Seal Bearings and Stable Performance and Cost Effective 6x17x6mm Deep Groove Ball Bearings,6205,ZUBSHA ENTERPRISES,350.0,699,True,FBM,In stock,600001,2026-04-01T12:51:38.083913
B0G2K5J9ZX,NACHI Quest Premium 6301 2RS Ball Bearings 6 pices combo,6205,SPICY PORT,599.0,99.83,True,FBM,In stock,600001,2026-04-01T12:51:40.308721
B072M12L16,Ball Bearing,6205,Narang Machinery,44.0,199,True,FBM,In stock,600001,2026-04-01T12:51:42.666596
B0BLSRPT1Q,"607 RS(10 PICS) Deep Groove Ball Bearing Double Sealed, 7mm x 19mm x 6mm High Carbon Steel Z1 Bearings (10)(Model-01)",6205,ZUBSHA ENTERPRISES,249.0,600,True,FBM,In stock,600001,2026-04-01T12:52:07.693095
B0BLSY52ST,"ENTERPRISES 608RS Ball Bearing 7x19x6mm Pre-Lubricated and Stable Performance and Cost Effective, Deep Groove Ball Bearings (10PCS)",6205,ZUBSHA ENTERPRISES,240.0,799,True,FBM,In stock,600001,2026-04-01T12:52:10.522860
B0CN7CHQ2L,NICHE,6206,BUNCH OF GOODS,21593.66,34549.86,True,FBM,,600001,2026-04-01T12:52:12.976670
B0BPMLKM9X,"6002 2RS/10PICS double Sealed Ball Bearings (ID=15mm, OD=32mm, Width=9mm)(10PCS)",6206,ZUBSHA ENTERPRISES,399.0,1199,True,FBM,In stock,600001,2026-04-01T12:52:15.133526
B0BPMHHWFD,"627-2RS/10PICS EMQ Z3 V3Deep Groove Ball Bearing Double Sealed 180027, 7mm x 22mm x 7mm Chrome Steel Bearings (10PCS)",6206,ZUBSHA ENTERPRISES,399.0,1499,True,FBM,In stock,600001,2026-04-01T12:52:17.526128
B0FKMNMZJ3,"626-ZZ Ball Bearing (6x19x6mm) – Pack of 2 | Double Shielded Alloy Steel Bearings for Smooth, High-Speed Performance in Motors, Tools & DIY Applications",6206,Goodluck Traders Center,189.0,9450,True,FBM,In stock,600001,2026-04-01T12:52:41.219704
B0BW99QTDS,B.K.Jagan & Co Ball Bearing - 6207ZZ,6206,Implemental in,999.0,1099,True,FBM,Only 1 left in stock.,600001,2026-04-01T12:52:43.657617
B0FYGMN2K4,"6202 Plain Pack of 2 Deep Groove Ball Bearing Open Type pre lubricated, Choose F&D bearings for Smooth & Reliable low cost runs. (6202 Open)",6206,ZEROFRICTION,210.35,10517.50,True,FBM,In stock,600001,2026-04-01T12:52:46.103687
B0BPMMCGTF,606 2RS 20PICS Double Rubber Seal Bearings and Stable Performance and Cost Effective 6x17x6mm Deep Groove Ball Bearings,6206,ZUBSHA ENTERPRISES,365.0,1399,True,FBM,In stock,600001,2026-04-01T12:52:49.223576
B08DHL3W78,6308 2RS Ball Bearing India,6206,SUPER BEARING,475.0,950,True,FBM,In stock,600001,2026-04-01T12:52:56.365813
B0CHS69536,HCH Bearings 1 Pair SET 6201 2RS AND 6202 2RS SEALED BALL BEARINGS,6206,M/S GARG ELECTRICALS,299.0,310,True,FBM,In stock,600001,2026-04-01T12:53:09.470960
B071J8P1B4,HRB,6206,Narang Machinery,44.29,78,True,FBM,In stock,600001,2026-04-01T12:53:11.851469
B0FD7XGGRP,"638ZZ Double Shielded Chrome Steel Ball Bearings for Motors and Tools, 2-Piece Set",6206,JAINCO BEARING HOUSE,220.0,399,True,FBM,In stock,600001,2026-04-01T12:53:19.044335
B08LPQ85N4,BKT,6206,SUPER BEARING,91.0,202,True,FBM,In stock,600001,2026-04-01T12:53:27.209554
B0BLZCLJG4,6209-zz Shielded Ball Bearings (2 PCS),6206,ZUBSHA ENTERPRISES,499.0,1000,True,FBM,In stock,600001,2026-04-01T12:53:29.649476
B0FDGKXLJY,"692ZZ Deep Groove Ball Bearings 2mm Inner Dia 6mm OD 3mm Bore Double Shielded, High-Speed, Cost-Effective, Chrome Steel (Pack of 4)",6206,JAINCO BEARING HOUSE,799.0,1299,True,FBM,In stock,600001,2026-04-01T12:53:43.672589
B09DPZZXRY,BKT,6206,SUPER BEARING,300.0,560,True,FBM,In stock,600001,2026-04-01T12:53:53.310654
B0BCX21MDN,ZUBSHA ENTERPRISES 6006-2RS Sealed Ball Bearing -30x55x13 - Lubricated - Chrome Steel,6206,ZUBSHA ENTERPRISES,299.0,500,True,FBM,In stock,600001,2026-04-01T12:53:58.955042
B0BB7ZWBHR,"607-2RS Deep Groove Ball Bearing Double Sealed 180017, 7mm x 19mm x 6mm High Carbon Steel Z1 Bearings (5)",6206,ZUBSHA ENTERPRISES,199.0,599,True,FBM,In stock,600001,2026-04-01T12:54:01.094608
B07HKNDQBK,INVENTO,6206,Clicktech Retail Private Ltd,399.0,99.75,True,FBM,In stock,600001,2026-04-01T12:54:03.605520
B09DQ2NYTL,BKT,6206,SUPER BEARING,635.0,1260,True,FBM,In stock,600001,2026-04-01T12:54:28.644262
B071RSC12P,INVENTO,6206,Invento Sales,379.0,500,True,FBM,In stock,600001,2026-04-01T12:54:31.464057
B0BQJ8ZFCX,"6201 Zz Double Shielded Miniature Ball Bearing, for 3D Printers, Robotics, DIY Projects | 10 Pcs",6206,ZUBSHA ENTERPRISES,399.0,899,True,FBM,In stock,600001,2026-04-01T12:54:34.456306
B0FM3C71SY,HRB Ball Bearing 6204 ZZ,6206,Narang Machinery,100.0,,True,FBM,In stock,600001,2026-04-01T12:54:36.990064
B0BPMJS69P,626ZZ/10PICS Z3 V3 Miniature Deep Groove Ball Bearing 6X19X6 mm For 3D Printer For CNC,6206,ZUBSHA ENTERPRISES,275.0,799,True,FBM,In stock,600001,2026-04-01T12:54:39.294462
B072M2T8B2,HRB,6206,Narang Machinery,145.0,250,True,FBM,In stock,600001,2026-04-01T12:55:57.080317
B07XV9SH9N,NIKAVI,6206,ETrade Online,102.0,201,True,FBM,Only 2 left in stock.,600001,2026-04-01T12:55:59.324130
B0BSDP11XB,"hand exercise Pulley (With Bearing Mechanism Engineering) for Physiotherapy, child home Gym, apartment balcony use",6206,GIRNAR IMPEX,255.0,600,True,FBM,In stock,600001,2026-04-01T12:56:01.600044
B07HKQS8F1,INVENTO,6206,Clicktech Retail Private Ltd,749.0,74.90,True,FBM,In stock,600001,2026-04-01T12:56:04.310372
B078Z8NY19,HCH,6206,JK BEARINGS & POWERTOOLS,199.0,299,True,FBM,In stock,600001,2026-04-01T12:56:06.508385
B072M2W8VB,HRB,6206,Narang Machinery,30.0,74,True,FBM,In stock,600001,2026-04-01T12:56:30.051472
B07C59T8TH,6207 Open (35mmx72mmx17mm) C3 Premium Radial Ball Bearing,6206,Bearing Co,200.0,320,True,FBM,In stock,600001,2026-04-01T12:56:33.163650
B072JH3VJW,HRB,6206,Narang Machinery,119.0,158,True,FBM,In stock,600001,2026-04-01T12:56:35.573356
B0DYJX42CR,"Ball bearing 6202 2RS 10pcs Rubber Sealed Bearings (ID=15mm, OD=35mm, Width=11mm)",6206,SASA TRADERS.,399.0,39.90,True,FBM,In stock,600001,2026-04-01T12:56:39.877274
B07GJJRW27,BALL BEARING 6204 2RS,6206,Narang Machinery,125.0,150,True,FBM,In stock,600001,2026-04-01T12:56:49.465906
B0794WXPZY,HCH,6206,JK BEARINGS & POWERTOOLS,649.0,799,True,FBM,Only 2 left in stock.,600001,2026-04-01T12:57:04.491353
B072M2VTNP,HRB,6206,Narang Machinery,160.0,250,True,FBM,In stock,600001,2026-04-01T12:57:06.044771
B0BBBCB5QN,ZUBSHA,6206,ZUBSHA ENTERPRISES,199.0,499,True,FBM,In stock,600001,2026-04-01T12:57:12.985305
B0BC9QD12K,"ZUBSHA ENTERPRISES 6000-2RS Double Rubber Seal Bearings 10x26x8mm, Pre-Lubricated and Stable Performance and Cost Effective, Deep Groove Ball Bearings.Pcs5",6206,ZUBSHA ENTERPRISES,299.0,899,True,FBM,In stock,600001,2026-04-01T12:57:20.966205
B0BPT3B4K6,"6003 2RS Rubber Sealed Ball Bearings (ID=17mm, OD=35mm, Width=10mm) 10 Pieces",6206,ZUBSHA ENTERPRISES,349.0,899,True,FBM,In stock,600001,2026-04-01T12:57:23.783113
B0BFLYFWLX,ENTERPRISES 6002-ZZ Shielded Ball Bearing - 15x32x9 - Lubricated - Chrome Steel (5),6206,ZUBSHA ENTERPRISES,299.0,899,True,FBM,In stock,600001,2026-04-01T12:57:38.633375
B0BHDJDQ8Y,ZUBSHA ENTERPRISES 605-ZZ (PACK OF 10 PICE) 5 X 14 X 5 Mm Deep Groove Ball Bearings (10),6205,ZUBSHA ENTERPRISES,349.0,34.90,True,FBM,In stock,600001,2026-04-01T12:57:47.389786
B0BPMJZD3J,"605ZZ/10PICS Deep Groove Ball Bearing Double Shield 605-ZZ, 5mm x 14mm x 5mm Chrome Steel Bearings",6205,ZUBSHA ENTERPRISES,289.0,600,True,FBM,In stock,600001,2026-04-01T12:57:52.038679
B0BBM1KGN3,"zubsha enterprises 608ZZ_3 10 Pieces 8x22x7mm 8mm Radial Bearings, 3D Printer",6205,ZUBSHA ENTERPRISES,249.0,299,True,FBM,In stock,600001,2026-04-01T12:57:55.483867
B071W6V1LX,HRB,6205,Narang Machinery,58.0,73,True,FBM,In stock,600001,2026-04-01T12:57:57.784279
B0DLGJHT9B,DEEG,6205,BuyGlobal_Store,10267.0,17759,True,FBM,,600001,2026-04-01T12:58:21.737716
B082KSB39R,6205-2RS2,6205,EXOTIQUE MART INDIA,2922.4,4675.84,True,FBM,,600001,2026-04-01T12:58:23.689464
B01HTRYA8O,SKF,6205,BUNCH OF GOODS,34867.21,55787.53,True,FBM,,600001,2026-04-01T12:58:25.951942
B0DPVRWWRF,"6202 2RS Deep Groove Ball Bearing15×35×11 mm, Double Rubber Sealed, Pre-Greased Both Sides) | High Speed, Low Noise, Anti-Rust Bearing for Motors, Pumps, Fans, EV Scooters & Machinery Pack of 5 pieces",6205,SBSS TRADERS,382.0,76.40,True,FBM,In stock,600001,2026-04-01T12:58:27.369533
B09TD81QVV,"608ZZ Bearing Low noise. speed. Ball Bearings, 3D Printer or Robotics or DIY Projects (Pack of 10)",6205,IAMSAM,499.0,999,True,FBM,In stock,600001,2026-04-01T12:58:30.445123
B0GTF3G1QH,"6211 Deep Groove Ball Bearing Open Type (55x100x21) – Chrome Steel High Speed Motor Bearing, Standard Precision Industrial Use Stable, Cost-Effective Pack of 1",6205,S J ENTERPRISES Mart,350.0,700,True,FBM,In stock,600001,2026-04-01T12:58:55.756054
B0CN7DR37F,NICHE,6205,BUNCH OF GOODS,17814.56,28503.30,True,FBM,,600001,2026-04-01T12:58:58.589080
B0GTFB7M5B,"6216 Deep Groove Ball Bearing Open Type (80x140x26) – Chrome Steel High Speed Motor Bearing, Standard Precision Industrial Use Stable, Cost-Effective Pack of 1",6205,S J ENTERPRISES Mart,700.0,1400,True,FBM,In stock,600001,2026-04-01T12:59:01.205330
B01CUNOKF0,Two (2) 6205-2RS Sealed Bearings 25x52x15 Ball Bearings/Pre-Lubricated,6205,EXOTIQUE MART INDIA,3619.49,1809.75,True,FBM,,600001,2026-04-01T12:59:05.879336
B0CFL6WKT8,AXK,6205,EXOTIQUE MART INDIA,2201.21,3521.94,True,FBM,,600001,2026-04-01T12:59:16.593785
B079RD5RGZ,Pillow Ball Bearing UCF208,6205,Narang Machinery,376.0,700,True,FBM,,600001,2026-04-01T12:59:30.542867
B017ZDQ25Q,6205-2NSE9 CM NACHI Brand Rubber Seal Ball Bearing 25x52x15 6205 2RS 6205RS,6205,BuyGlobal_Store,3548.0,4859,True,FBM,,600001,2026-04-01T12:59:32.951463
B094C8RXP7,"10 Pack 6205-2RS Double Rubber Seal Bearing 25x52x15mm,Pre Lubricated,Stable Performance,Cost Effective, Deep Groove Ball Bearings",6205,Overseas_shop,5752.34,,True,FBM,,600001,2026-04-01T12:59:46.873838
B094Q7RSZG,MAPLE ACE,6205,WISHMASTER,6460.46,646.05,True,FBM,,600001,2026-04-01T12:59:48.301039
B094Q2PJVY,MAPLE ACE,6205,WISHMASTER,5399.93,1349.98,True,FBM,,600001,2026-04-01T13:00:03.627373
B0BC9V125N,"6205-2RZ Bearings, 25x52x15mm Ball Bearing 6205RZ Double Rubber Sealed Shielded Bearing ID 25mm, OD 52mm, Thickness 15mm Deep Groove Ball Bearing for 3D Printer, Scooters Ball Bearing 2pcs",6205,BuyGlobal_Store,4088.0,5629,True,FBM,,600001,2026-04-01T13:00:13.096247
B0BGLFSZ2Q,6205-zz Shielded Ball Bearings (4PCS),6205,IAMSAM,479.0,899,True,FBM,In stock,600001,2026-04-01T13:00:17.194874
B07SLXW1JM,FKG,6205,Trendora Global,6692.03,16723.20,True,FBM,,600001,2026-04-01T13:00:19.279226
B073XZ8C42,Fine Steel Bearing 6205-2RS HCH (Pack of 10 Pcs),6205,JK BEARINGS & POWERTOOLS,1549.0,1999,True,FBM,Only 2 left in stock.,600001,2026-04-01T13:00:22.189874
B07BVZPQ5F,PGN 6205-2RS Sealed Ball Bearing - 25x52x15 - Lubricated - Chrome Steel (10 PCS),6205,BUY CRAVINGS,6025.52,602.55,True,FBM,,600001,2026-04-01T13:00:48.209113
B0B3HY6Q9X,6205-2RS Sealed Bearing Deep Groove Ball Bearing - 25x52x15mm - Lubricated - Chrome Steel (2PCS),6205,BUY CRAVINGS,2679.11,4286.58,True,FBM,,600001,2026-04-01T13:00:51.208151
B09DQ3KX1Y,SUPER - 10PCS 6205 BALL BEARINGS||6205 ||,6205,SUPER BEARING,1470.0,2940,True,FBM,In stock,600001,2026-04-01T13:00:53.620303
B009SEHO2Q,Bearing 6205ZZ Ball Bearing,6205,Bearing Co,194.0,701,True,FBM,In stock,600001,2026-04-01T13:00:56.397855
B09DQ12FF4,SUPER - 5PCS 6205 2RS (RUBBER SEALED) BALL BEARINGS||6205 2RS ||,6205,SUPER BEARING,975.0,1950,True,FBM,In stock,600001,2026-04-01T13:00:59.207755
B0BQJB3TBB,6207-zz Ball Bearing 35 x 72 x 17mm Deep Groove Ball Bearing Metal Double Shielded (Pack of 2),6206,ZUBSHA ENTERPRISES,359.0,499,True,FBM,In stock,600001,2026-04-01T13:01:23.482442
B0BPMMM9CQ,6001-ZZ Deep Groove Ball Rolling Bearings 6001-Zz 6001Zz 12 * 28 * 8Mm 12 * 28 * 8 Bearing Steel Material (10PCS),6206,ZUBSHA ENTERPRISES,300.0,999,True,FBM,In stock,600001,2026-04-01T13:01:26.141245
B0BDG2XPJQ,"ZUBSHA ENTERPRISES 4 Pcs 6204ZZ Double Metal Seal Bearings 20x47x14mm, Pre-Lubricated and Stable Performance and Cost Effective, Deep Groove Ball Bearings.",6206,ZUBSHA ENTERPRISES,350.0,70,True,FBM,In stock,600001,2026-04-01T13:01:28.528486
B072M2W9CB,HRB,6206,Narang Machinery,140.0,250,True,FBM,In stock,600001,2026-04-01T13:01:33.719093
B0BDG4VYRQ,"ZUBSHA ENTERPRISES 6204-2RS RUBBER SEALED BALL BEARINGS, 4 PCS, Medium",6206,ZUBSHA ENTERPRISES,350.0,87.50,True,FBM,In stock,600001,2026-04-01T13:01:43.834212
B0FLDVJ5NL,PE - Bearing suitable HCH Rubber Seal Ball Bearing - Width Original Export Quality Premium Bearing Pack Of 2 (6201-2RS + 6202-2RS),6206,PADMAVATHI  ENTERPRISES,109.0,5450,True,FBM,In stock,600001,2026-04-01T13:02:52.695258
B0BD4FGGVZ,"ZUBSHA ENTERPRISES 6203-ZZ 10pcs Double Metal Shield Bearings (ID=17mm, OD=40mm, Width=12mm) Carbon Steel Ball Bearings",6206,ZUBSHA ENTERPRISES,529.0,52.90,True,FBM,In stock,600001,2026-04-01T13:02:55.287974
B010SDOW7K,NTN,6206,BUY CRAVINGS,7248.9,11598.24,True,FBM,,600001,2026-04-01T13:02:57.887700
B0B19X3CPZ,"MINSALES� Ball bearing 6202 2RS 10pcs Rubber Sealed Bearings (ID=15mm, OD=35mm, Width=11mm)",6206,Minsha Exports,410.0,599,True,FBM,In stock,600001,2026-04-01T13:03:00.278290
B0BBM3BY4K,ZUBSHA ENTERPRISES 3D Innovations 626ZZ Ball Bearing 6X19X6 mm For 3D Printer For CNC (Quantity: 5 Pcs),6206,ZUBSHA ENTERPRISES,199.0,399,True,FBM,In stock,600001,2026-04-01T13:03:02.531813
B0BPMKB292,"6002-Zz 10PICS double Sealed Ball Bearings (ID=15mm, OD=32mm, Width=9mm)(10PCS)",6206,ZUBSHA ENTERPRISES,299.0,1099,True,FBM,In stock,600001,2026-04-01T13:03:27.307948
B0DBM5KLRM,SKF YET207-106 Radial Insert Ball Bearing 34.93x72x38.9 mm,6206,WISHMASTER,20692.13,33107.41,True,FBM,,600001,2026-04-01T13:03:30.179722
B0BPMLCWBL,629 2RS/10PICS RUBBER SEALED BALL BEARINGS 9X26X8MM ||629-2RS||,6206,ZUBSHA ENTERPRISES,310.0,999,True,FBM,In stock,600001,2026-04-01T13:03:33.992892
B0BD1V9F1B,ZUBSHA ENTERPRISES BEARINGS-6202 2RS RUBBER SEALED BALL BEARINGS 15X35X11MM || 5 PSC ||,6206,ZUBSHA ENTERPRISES,249.0,49.80,True,FBM,In stock,600001,2026-04-01T13:03:37.296208
B0BD491FBZ,"ZUBSHA ENTERPRISES Ball Bearing 6203 2RS 10pcs Rubber Sealed Bearings (ID=17mm, OD=40mm, Width=12mm)",6206,ZUBSHA ENTERPRISES,390.0,39,True,FBM,In stock,600001,2026-04-01T13:03:47.709339
B0FKHG9RML,Bearing suitable HCH Rubber Seal Ball Bearing - Width Original Export Quality Premium Bearing Pack Of 2 (6201-2RS + 6202-2RS),6206,BALAR The house of spares,149.0,7450,True,FBM,In stock,600001,2026-04-01T13:03:57.521547
B0BD1S61LV,"ZUBSHA ENTERPRISES BEARINGS-6202ZZ DEEP GROOVE-15mm Bore, 35mm Outside,11mm Width 3D Printer or Robotics or DIY Projects (PACK OF 10)",6206,ZUBSHA ENTERPRISES,319.0,31.90,True,FBM,In stock,600001,2026-04-01T13:04:02.957369
B072M2VGDF,HRB,6206,Narang Machinery,132.0,165,True,FBM,In stock,600001,2026-04-01T13:04:08.042543
B0794VVDXK,HCH,6206,Itarsh Trading Corporation,500.0,50,True,FBM,In stock,600001,2026-04-01T13:04:15.775899
B0BPMNF3GQ,626 2rs 10pics BALL BEARING ID 6MM OD 19MM WIDTH 6MM FOR HEAVY DUTY MACHINES,6206,ZUBSHA ENTERPRISES,279.0,699,True,FBM,In stock,600001,2026-04-01T13:04:25.985574
B00OYKZH14,6002-2RS SKF Brand Rubber Seal Ball Bearing 15x32x9 6002 2RS 6002RS,6206,Violet US store,3542.0,4849,True,FBM,,600001,2026-04-01T13:04:32.806825
B079P4DV9M,HRB Pillow Ball Bearing UC205-16,6206,Narang Machinery,84.0,200,True,FBM,,600001,2026-04-01T13:04:35.614826
